variables,question_text,question_type,question_options
bus_cur_opn_text,Is this business currently operational or engaging in any revenue-generating activities?,radio,"{""1"":""No"",""2"":""Yes""}"
bus_cur_opn_numeric,Is this business currently operational or engaging in any revenue-generating activities?,radio,"{""1"":""No"",""2"":""Yes""}"
bus_dig_rev_text,"In the past 30 days, what percentage of your business sales were made digitally (for example, orders and payments made online)?",radio,"{""1"":""All"",""2"":""Between 75 and 100%"",""3"":""Between 50 and 75%"",""4"":""Between 25 and 50%"",""5"":""Between 0 and 25%"",""6"":""None""}"
bus_dig_rev_numeric,"In the past 30 days, what percentage of your business sales were made digitally (for example, orders and payments made online)?",radio,"{""1"":""All"",""2"":""Between 75 and 100%"",""3"":""Between 50 and 75%"",""4"":""Between 25 and 50%"",""5"":""Between 0 and 25%"",""6"":""None""}"
bus_drv_text,"Last year, before the coronavirus (COVID-19) pandemic, what percent of this business's sales were made digitally (for example, orders and payments made online)?",radio,"{""1"":""All"",""2"":""Between 75 and 100%"",""3"":""Between 50 and 75%"",""4"":""Between 25 and 50%"",""5"":""Between 0 and 25%"",""6"":""None""}"
bus_drv_numeric,"Last year, before the coronavirus (COVID-19) pandemic, what percent of this business's sales were made digitally (for example, orders and payments made online)?",radio,"{""1"":""All"",""2"":""Between 75 and 100%"",""3"":""Between 50 and 75%"",""4"":""Between 25 and 50%"",""5"":""Between 0 and 25%"",""6"":""None""}"
bus_emp_btn_2_text,"How many employees does this business currently have, not including yourself?",radio,"{""1"":""More than 250"",""2"":""100 to 250"",""3"":""50 to 99"",""4"":""10 to 49"",""5"":""5 to 9"",""6"":""2 to 4"",""7"":""1"",""8"":""0 (Just me)""}"
bus_emp_btn_2_numeric,"How many employees does this business currently have, not including yourself?",radio,"{""1"":""More than 250"",""2"":""100 to 250"",""3"":""50 to 99"",""4"":""10 to 49"",""5"":""5 to 9"",""6"":""2 to 4"",""7"":""1"",""8"":""0 (Just me)""}"
bus_emp_chn_numeric,How has the number of workers at this business changed as a result of the coronavirus (COVID-19) pandemic?,radio,"{""1"":""Dont know"",""2"":""Increased"",""3"":""Stayed the same"",""4"":""Decreased""}"
bus_emp_chn_text,How has the number of workers at this business changed as a result of the coronavirus (COVID-19) pandemic?,radio,"{""1"":""Dont know"",""2"":""Increased"",""3"":""Stayed the same"",""4"":""Decreased""}"
bus_fut_chl_numeric_cash_flow,What do you expect this business’ challenges to be in the next few months? (Select all that apply),checkbox,"{""1"":""Other (please specify)"",""10"":""Logistics (e.g. shipping, delivering services or goods)"",""11"":""Lack of workers"",""12"":""No challenges"",""2"":""Repaying outstanding loans"",""3"":""Getting new loans"",""4"":""Getting new investors"",""5"":""Government or health authority orders"",""6"":""Inventory"",""7"":""Cash flow"",""8"":""Finding supplies"",""9"":""Lack of demand (no customers)""}"
bus_fut_chl_numeric_finding_supplies,What do you expect this business’ challenges to be in the next few months? (Select all that apply),checkbox,"{""1"":""Other (please specify)"",""10"":""Logistics (e.g. shipping, delivering services or goods)"",""11"":""Lack of workers"",""12"":""No challenges"",""2"":""Repaying outstanding loans"",""3"":""Getting new loans"",""4"":""Getting new investors"",""5"":""Government or health authority orders"",""6"":""Inventory"",""7"":""Cash flow"",""8"":""Finding supplies"",""9"":""Lack of demand (no customers)""}"
bus_fut_chl_numeric_getting_new_investors,What do you expect this business’ challenges to be in the next few months? (Select all that apply),checkbox,"{""1"":""Other (please specify)"",""10"":""Logistics (e.g. shipping, delivering services or goods)"",""11"":""Lack of workers"",""12"":""No challenges"",""2"":""Repaying outstanding loans"",""3"":""Getting new loans"",""4"":""Getting new investors"",""5"":""Government or health authority orders"",""6"":""Inventory"",""7"":""Cash flow"",""8"":""Finding supplies"",""9"":""Lack of demand (no customers)""}"
bus_fut_chl_numeric_getting_new_loans,What do you expect this business’ challenges to be in the next few months? (Select all that apply),checkbox,"{""1"":""Other (please specify)"",""10"":""Logistics (e.g. shipping, delivering services or goods)"",""11"":""Lack of workers"",""12"":""No challenges"",""2"":""Repaying outstanding loans"",""3"":""Getting new loans"",""4"":""Getting new investors"",""5"":""Government or health authority orders"",""6"":""Inventory"",""7"":""Cash flow"",""8"":""Finding supplies"",""9"":""Lack of demand (no customers)""}"
bus_fut_chl_numeric_government_or_health_authority_orders,What do you expect this business’ challenges to be in the next few months? (Select all that apply),checkbox,"{""1"":""Other (please specify)"",""10"":""Logistics (e.g. shipping, delivering services or goods)"",""11"":""Lack of workers"",""12"":""No challenges"",""2"":""Repaying outstanding loans"",""3"":""Getting new loans"",""4"":""Getting new investors"",""5"":""Government or health authority orders"",""6"":""Inventory"",""7"":""Cash flow"",""8"":""Finding supplies"",""9"":""Lack of demand (no customers)""}"
bus_fut_chl_numeric_inventory,What do you expect this business’ challenges to be in the next few months? (Select all that apply),checkbox,"{""1"":""Other (please specify)"",""10"":""Logistics (e.g. shipping, delivering services or goods)"",""11"":""Lack of workers"",""12"":""No challenges"",""2"":""Repaying outstanding loans"",""3"":""Getting new loans"",""4"":""Getting new investors"",""5"":""Government or health authority orders"",""6"":""Inventory"",""7"":""Cash flow"",""8"":""Finding supplies"",""9"":""Lack of demand (no customers)""}"
bus_fut_chl_numeric_lack_of_demand_no_customers,What do you expect this business’ challenges to be in the next few months? (Select all that apply),checkbox,"{""1"":""Other (please specify)"",""10"":""Logistics (e.g. shipping, delivering services or goods)"",""11"":""Lack of workers"",""12"":""No challenges"",""2"":""Repaying outstanding loans"",""3"":""Getting new loans"",""4"":""Getting new investors"",""5"":""Government or health authority orders"",""6"":""Inventory"",""7"":""Cash flow"",""8"":""Finding supplies"",""9"":""Lack of demand (no customers)""}"
bus_fut_chl_numeric_lack_of_workers,What do you expect this business’ challenges to be in the next few months? (Select all that apply),checkbox,"{""1"":""Other (please specify)"",""10"":""Logistics (e.g. shipping, delivering services or goods)"",""11"":""Lack of workers"",""12"":""No challenges"",""2"":""Repaying outstanding loans"",""3"":""Getting new loans"",""4"":""Getting new investors"",""5"":""Government or health authority orders"",""6"":""Inventory"",""7"":""Cash flow"",""8"":""Finding supplies"",""9"":""Lack of demand (no customers)""}"
bus_fut_chl_numeric_logistics_e_g_shipping_delivering_services_or_goods,What do you expect this business’ challenges to be in the next few months? (Select all that apply),checkbox,"{""1"":""Other (please specify)"",""10"":""Logistics (e.g. shipping, delivering services or goods)"",""11"":""Lack of workers"",""12"":""No challenges"",""2"":""Repaying outstanding loans"",""3"":""Getting new loans"",""4"":""Getting new investors"",""5"":""Government or health authority orders"",""6"":""Inventory"",""7"":""Cash flow"",""8"":""Finding supplies"",""9"":""Lack of demand (no customers)""}"
bus_fut_chl_numeric_no_challenges,What do you expect this business’ challenges to be in the next few months? (Select all that apply),checkbox,"{""1"":""Other (please specify)"",""10"":""Logistics (e.g. shipping, delivering services or goods)"",""11"":""Lack of workers"",""12"":""No challenges"",""2"":""Repaying outstanding loans"",""3"":""Getting new loans"",""4"":""Getting new investors"",""5"":""Government or health authority orders"",""6"":""Inventory"",""7"":""Cash flow"",""8"":""Finding supplies"",""9"":""Lack of demand (no customers)""}"
bus_fut_chl_numeric_other_please_specify,What do you expect this business’ challenges to be in the next few months? (Select all that apply),checkbox,"{""1"":""Other (please specify)"",""10"":""Logistics (e.g. shipping, delivering services or goods)"",""11"":""Lack of workers"",""12"":""No challenges"",""2"":""Repaying outstanding loans"",""3"":""Getting new loans"",""4"":""Getting new investors"",""5"":""Government or health authority orders"",""6"":""Inventory"",""7"":""Cash flow"",""8"":""Finding supplies"",""9"":""Lack of demand (no customers)""}"
bus_fut_chl_numeric_repaying_outstanding_loans,What do you expect this business’ challenges to be in the next few months? (Select all that apply),checkbox,"{""1"":""Other (please specify)"",""10"":""Logistics (e.g. shipping, delivering services or goods)"",""11"":""Lack of workers"",""12"":""No challenges"",""2"":""Repaying outstanding loans"",""3"":""Getting new loans"",""4"":""Getting new investors"",""5"":""Government or health authority orders"",""6"":""Inventory"",""7"":""Cash flow"",""8"":""Finding supplies"",""9"":""Lack of demand (no customers)""}"
bus_fut_chl_text_cash_flow,What do you expect this business’ challenges to be in the next few months? (Select all that apply),checkbox,"{""1"":""Other (please specify)"",""10"":""Logistics (e.g. shipping, delivering services or goods)"",""11"":""Lack of workers"",""12"":""No challenges"",""2"":""Repaying outstanding loans"",""3"":""Getting new loans"",""4"":""Getting new investors"",""5"":""Government or health authority orders"",""6"":""Inventory"",""7"":""Cash flow"",""8"":""Finding supplies"",""9"":""Lack of demand (no customers)""}"
bus_fut_chl_text_finding_supplies,What do you expect this business’ challenges to be in the next few months? (Select all that apply),checkbox,"{""1"":""Other (please specify)"",""10"":""Logistics (e.g. shipping, delivering services or goods)"",""11"":""Lack of workers"",""12"":""No challenges"",""2"":""Repaying outstanding loans"",""3"":""Getting new loans"",""4"":""Getting new investors"",""5"":""Government or health authority orders"",""6"":""Inventory"",""7"":""Cash flow"",""8"":""Finding supplies"",""9"":""Lack of demand (no customers)""}"
bus_fut_chl_text_getting_new_investors,What do you expect this business’ challenges to be in the next few months? (Select all that apply),checkbox,"{""1"":""Other (please specify)"",""10"":""Logistics (e.g. shipping, delivering services or goods)"",""11"":""Lack of workers"",""12"":""No challenges"",""2"":""Repaying outstanding loans"",""3"":""Getting new loans"",""4"":""Getting new investors"",""5"":""Government or health authority orders"",""6"":""Inventory"",""7"":""Cash flow"",""8"":""Finding supplies"",""9"":""Lack of demand (no customers)""}"
bus_fut_chl_text_getting_new_loans,What do you expect this business’ challenges to be in the next few months? (Select all that apply),checkbox,"{""1"":""Other (please specify)"",""10"":""Logistics (e.g. shipping, delivering services or goods)"",""11"":""Lack of workers"",""12"":""No challenges"",""2"":""Repaying outstanding loans"",""3"":""Getting new loans"",""4"":""Getting new investors"",""5"":""Government or health authority orders"",""6"":""Inventory"",""7"":""Cash flow"",""8"":""Finding supplies"",""9"":""Lack of demand (no customers)""}"
bus_fut_chl_text_government_or_health_authority_orders,What do you expect this business’ challenges to be in the next few months? (Select all that apply),checkbox,"{""1"":""Other (please specify)"",""10"":""Logistics (e.g. shipping, delivering services or goods)"",""11"":""Lack of workers"",""12"":""No challenges"",""2"":""Repaying outstanding loans"",""3"":""Getting new loans"",""4"":""Getting new investors"",""5"":""Government or health authority orders"",""6"":""Inventory"",""7"":""Cash flow"",""8"":""Finding supplies"",""9"":""Lack of demand (no customers)""}"
bus_fut_chl_text_inventory,What do you expect this business’ challenges to be in the next few months? (Select all that apply),checkbox,"{""1"":""Other (please specify)"",""10"":""Logistics (e.g. shipping, delivering services or goods)"",""11"":""Lack of workers"",""12"":""No challenges"",""2"":""Repaying outstanding loans"",""3"":""Getting new loans"",""4"":""Getting new investors"",""5"":""Government or health authority orders"",""6"":""Inventory"",""7"":""Cash flow"",""8"":""Finding supplies"",""9"":""Lack of demand (no customers)""}"
bus_fut_chl_text_lack_of_demand_no_customers,What do you expect this business’ challenges to be in the next few months? (Select all that apply),checkbox,"{""1"":""Other (please specify)"",""10"":""Logistics (e.g. shipping, delivering services or goods)"",""11"":""Lack of workers"",""12"":""No challenges"",""2"":""Repaying outstanding loans"",""3"":""Getting new loans"",""4"":""Getting new investors"",""5"":""Government or health authority orders"",""6"":""Inventory"",""7"":""Cash flow"",""8"":""Finding supplies"",""9"":""Lack of demand (no customers)""}"
bus_fut_chl_text_lack_of_workers,What do you expect this business’ challenges to be in the next few months? (Select all that apply),checkbox,"{""1"":""Other (please specify)"",""10"":""Logistics (e.g. shipping, delivering services or goods)"",""11"":""Lack of workers"",""12"":""No challenges"",""2"":""Repaying outstanding loans"",""3"":""Getting new loans"",""4"":""Getting new investors"",""5"":""Government or health authority orders"",""6"":""Inventory"",""7"":""Cash flow"",""8"":""Finding supplies"",""9"":""Lack of demand (no customers)""}"
bus_fut_chl_text_logistics_e_g_shipping_delivering_services_or_goods,What do you expect this business’ challenges to be in the next few months? (Select all that apply),checkbox,"{""1"":""Other (please specify)"",""10"":""Logistics (e.g. shipping, delivering services or goods)"",""11"":""Lack of workers"",""12"":""No challenges"",""2"":""Repaying outstanding loans"",""3"":""Getting new loans"",""4"":""Getting new investors"",""5"":""Government or health authority orders"",""6"":""Inventory"",""7"":""Cash flow"",""8"":""Finding supplies"",""9"":""Lack of demand (no customers)""}"
bus_fut_chl_text_no_challenges,What do you expect this business’ challenges to be in the next few months? (Select all that apply),checkbox,"{""1"":""Other (please specify)"",""10"":""Logistics (e.g. shipping, delivering services or goods)"",""11"":""Lack of workers"",""12"":""No challenges"",""2"":""Repaying outstanding loans"",""3"":""Getting new loans"",""4"":""Getting new investors"",""5"":""Government or health authority orders"",""6"":""Inventory"",""7"":""Cash flow"",""8"":""Finding supplies"",""9"":""Lack of demand (no customers)""}"
bus_fut_chl_text_other_please_specify,What do you expect this business’ challenges to be in the next few months? (Select all that apply),checkbox,"{""1"":""Other (please specify)"",""10"":""Logistics (e.g. shipping, delivering services or goods)"",""11"":""Lack of workers"",""12"":""No challenges"",""2"":""Repaying outstanding loans"",""3"":""Getting new loans"",""4"":""Getting new investors"",""5"":""Government or health authority orders"",""6"":""Inventory"",""7"":""Cash flow"",""8"":""Finding supplies"",""9"":""Lack of demand (no customers)""}"
bus_fut_chl_text_repaying_outstanding_loans,What do you expect this business’ challenges to be in the next few months? (Select all that apply),checkbox,"{""1"":""Other (please specify)"",""10"":""Logistics (e.g. shipping, delivering services or goods)"",""11"":""Lack of workers"",""12"":""No challenges"",""2"":""Repaying outstanding loans"",""3"":""Getting new loans"",""4"":""Getting new investors"",""5"":""Government or health authority orders"",""6"":""Inventory"",""7"":""Cash flow"",""8"":""Finding supplies"",""9"":""Lack of demand (no customers)""}"
bus_mth_hir_alt_f_text,What share of this business's current workers have been hired since the coronavirus (COVID-19) pandemic began?,radio,"{""1"":""All"",""2"":""More than half"",""3"":""Exactly half"",""4"":""Less than half"",""5"":""None""}"
bus_mth_hir_alt_f_numeric,What share of this business's current workers have been hired since the coronavirus (COVID-19) pandemic began?,radio,"{""1"":""All"",""2"":""More than half"",""3"":""Exactly half"",""4"":""Less than half"",""5"":""None""}"
bus_rol_text,Which of these best describes your main employment situation?,radio,"{""1"":""Other (please specify)"",""2"":""Work for the government"",""3"":""Employed in a business"",""4"":""Both own and manage a business"",""5"":""Own a business"",""6"":""Manage a business"",""7"":""Unemployed or not working""}"
bus_rol_numeric,Which of these best describes your main employment situation?,radio,"{""1"":""Other (please specify)"",""2"":""Work for the government"",""3"":""Employed in a business"",""4"":""Both own and manage a business"",""5"":""Own a business"",""6"":""Manage a business"",""7"":""Unemployed or not working""}"
bus_sls_dif_text,How have your business's sales for the last 30 days changed when compared with the same month last year?,radio,"{""1"":""Higher than last year"",""2"":""This business was not in operation last year"",""3"":""Lower than last year"",""4"":""Same as last year"",""5"":""Don’t know""}"
bus_sls_dif_numeric,How have your business's sales for the last 30 days changed when compared with the same month last year?,radio,"{""1"":""Higher than last year"",""2"":""This business was not in operation last year"",""3"":""Lower than last year"",""4"":""Same as last year"",""5"":""Don’t know""}"
bus_srv_text,How much longer could this business continue to operate under current conditions?,radio,"{""1"":""Not sure"",""2"":""12 months or more"",""3"":""At least 9 months but less than 12 months"",""4"":""At least 6 months but less than 9 months"",""5"":""At least 3 months but less than 6 months"",""6"":""At least 2 months but less than 3 months"",""7"":""At least 1 month but less than 2 months"",""8"":""Less than 1 month""}"
bus_srv_numeric,How much longer could this business continue to operate under current conditions?,radio,"{""1"":""Not sure"",""2"":""12 months or more"",""3"":""At least 9 months but less than 12 months"",""4"":""At least 6 months but less than 9 months"",""5"":""At least 3 months but less than 6 months"",""6"":""At least 2 months but less than 3 months"",""7"":""At least 1 month but less than 2 months"",""8"":""Less than 1 month""}"
business_leader,NA,radio,"{""0"":""No"",""1"":""Yes""}"
chl_fin_numeric_bills_or_accounts_payable,Is this business currently struggling to pay any of the following? (Select all that apply),checkbox,"{""1"":""Worker salaries and wages"",""2"":""Bills or accounts payable"",""3"":""Debt or loans"",""4"":""Rent or lease"",""5"":""Taxes"",""6"":""Worker benefits"",""7"":""Worker hazard pay"",""8"":""None of the above""}"
chl_fin_numeric_debt_or_loans,Is this business currently struggling to pay any of the following? (Select all that apply),checkbox,"{""1"":""Worker salaries and wages"",""2"":""Bills or accounts payable"",""3"":""Debt or loans"",""4"":""Rent or lease"",""5"":""Taxes"",""6"":""Worker benefits"",""7"":""Worker hazard pay"",""8"":""None of the above""}"
chl_fin_numeric_none_of_the_above,Is this business currently struggling to pay any of the following? (Select all that apply),checkbox,"{""1"":""Worker salaries and wages"",""2"":""Bills or accounts payable"",""3"":""Debt or loans"",""4"":""Rent or lease"",""5"":""Taxes"",""6"":""Worker benefits"",""7"":""Worker hazard pay"",""8"":""None of the above""}"
chl_fin_numeric_rent_or_lease,Is this business currently struggling to pay any of the following? (Select all that apply),checkbox,"{""1"":""Worker salaries and wages"",""2"":""Bills or accounts payable"",""3"":""Debt or loans"",""4"":""Rent or lease"",""5"":""Taxes"",""6"":""Worker benefits"",""7"":""Worker hazard pay"",""8"":""None of the above""}"
chl_fin_numeric_taxes,Is this business currently struggling to pay any of the following? (Select all that apply),checkbox,"{""1"":""Worker salaries and wages"",""2"":""Bills or accounts payable"",""3"":""Debt or loans"",""4"":""Rent or lease"",""5"":""Taxes"",""6"":""Worker benefits"",""7"":""Worker hazard pay"",""8"":""None of the above""}"
chl_fin_numeric_worker_benefits,Is this business currently struggling to pay any of the following? (Select all that apply),checkbox,"{""1"":""Worker salaries and wages"",""2"":""Bills or accounts payable"",""3"":""Debt or loans"",""4"":""Rent or lease"",""5"":""Taxes"",""6"":""Worker benefits"",""7"":""Worker hazard pay"",""8"":""None of the above""}"
chl_fin_numeric_worker_hazard_pay,Is this business currently struggling to pay any of the following? (Select all that apply),checkbox,"{""1"":""Worker salaries and wages"",""2"":""Bills or accounts payable"",""3"":""Debt or loans"",""4"":""Rent or lease"",""5"":""Taxes"",""6"":""Worker benefits"",""7"":""Worker hazard pay"",""8"":""None of the above""}"
chl_fin_numeric_worker_salaries_and_wages,Is this business currently struggling to pay any of the following? (Select all that apply),checkbox,"{""1"":""Worker salaries and wages"",""2"":""Bills or accounts payable"",""3"":""Debt or loans"",""4"":""Rent or lease"",""5"":""Taxes"",""6"":""Worker benefits"",""7"":""Worker hazard pay"",""8"":""None of the above""}"
chl_fin_text_bills_or_accounts_payable,Is this business currently struggling to pay any of the following? (Select all that apply),checkbox,"{""1"":""Worker salaries and wages"",""2"":""Bills or accounts payable"",""3"":""Debt or loans"",""4"":""Rent or lease"",""5"":""Taxes"",""6"":""Worker benefits"",""7"":""Worker hazard pay"",""8"":""None of the above""}"
chl_fin_text_debt_or_loans,Is this business currently struggling to pay any of the following? (Select all that apply),checkbox,"{""1"":""Worker salaries and wages"",""2"":""Bills or accounts payable"",""3"":""Debt or loans"",""4"":""Rent or lease"",""5"":""Taxes"",""6"":""Worker benefits"",""7"":""Worker hazard pay"",""8"":""None of the above""}"
chl_fin_text_none_of_the_above,Is this business currently struggling to pay any of the following? (Select all that apply),checkbox,"{""1"":""Worker salaries and wages"",""2"":""Bills or accounts payable"",""3"":""Debt or loans"",""4"":""Rent or lease"",""5"":""Taxes"",""6"":""Worker benefits"",""7"":""Worker hazard pay"",""8"":""None of the above""}"
chl_fin_text_rent_or_lease,Is this business currently struggling to pay any of the following? (Select all that apply),checkbox,"{""1"":""Worker salaries and wages"",""2"":""Bills or accounts payable"",""3"":""Debt or loans"",""4"":""Rent or lease"",""5"":""Taxes"",""6"":""Worker benefits"",""7"":""Worker hazard pay"",""8"":""None of the above""}"
chl_fin_text_taxes,Is this business currently struggling to pay any of the following? (Select all that apply),checkbox,"{""1"":""Worker salaries and wages"",""2"":""Bills or accounts payable"",""3"":""Debt or loans"",""4"":""Rent or lease"",""5"":""Taxes"",""6"":""Worker benefits"",""7"":""Worker hazard pay"",""8"":""None of the above""}"
chl_fin_text_worker_benefits,Is this business currently struggling to pay any of the following? (Select all that apply),checkbox,"{""1"":""Worker salaries and wages"",""2"":""Bills or accounts payable"",""3"":""Debt or loans"",""4"":""Rent or lease"",""5"":""Taxes"",""6"":""Worker benefits"",""7"":""Worker hazard pay"",""8"":""None of the above""}"
chl_fin_text_worker_hazard_pay,Is this business currently struggling to pay any of the following? (Select all that apply),checkbox,"{""1"":""Worker salaries and wages"",""2"":""Bills or accounts payable"",""3"":""Debt or loans"",""4"":""Rent or lease"",""5"":""Taxes"",""6"":""Worker benefits"",""7"":""Worker hazard pay"",""8"":""None of the above""}"
chl_fin_text_worker_salaries_and_wages,Is this business currently struggling to pay any of the following? (Select all that apply),checkbox,"{""1"":""Worker salaries and wages"",""2"":""Bills or accounts payable"",""3"":""Debt or loans"",""4"":""Rent or lease"",""5"":""Taxes"",""6"":""Worker benefits"",""7"":""Worker hazard pay"",""8"":""None of the above""}"
clim_carb_text,"If your business wanted to reduce its carbon emissions, what is the largest barrier to doing so? ",radio,"{""1"":""Production or transportation of goods and services"",""2"":""Operating costs"",""3"":""Business facilities"",""4"":""Employee capacity"",""5"":""Customer demand or expectations"",""6"":""Knowledge of how to reduce carbon emissions""}"
clim_carb_numeric,"If your business wanted to reduce its carbon emissions, what is the largest barrier to doing so? ",radio,"{""1"":""Production or transportation of goods and services"",""2"":""Operating costs"",""3"":""Business facilities"",""4"":""Employee capacity"",""5"":""Customer demand or expectations"",""6"":""Knowledge of how to reduce carbon emissions""}"
clim_pract_text,How willing or unwilling would you be to change your business practices to reduce climate change?,radio,"{""1"":""I have already"",""2"":""I definitely would"",""3"":""I probably would"",""4"":""I probably would not"",""5"":""I definitely would not"",""6"":""I am unsure and need more information to make this decision""}"
clim_pract_numeric,How willing or unwilling would you be to change your business practices to reduce climate change?,radio,"{""1"":""I have already"",""2"":""I definitely would"",""3"":""I probably would"",""4"":""I probably would not"",""5"":""I definitely would not"",""6"":""I am unsure and need more information to make this decision""}"
clim_worry_text,How worried are you about the impacts of climate change on your business?,radio,"{""1"":""Very worried"",""2"":""Somewhat worried"",""3"":""Not very worried"",""4"":""Not at all worried"",""5"":""I am unfamiliar with climate change or the impacts it may have""}"
clim_worry_numeric,How worried are you about the impacts of climate change on your business?,radio,"{""1"":""Very worried"",""2"":""Somewhat worried"",""3"":""Not very worried"",""4"":""Not at all worried"",""5"":""I am unfamiliar with climate change or the impacts it may have""}"
country,NA,NA,NA
dem_age_text,How old are you?,radio,"{""19"":""Less than 20"",""29"":""20 to 29"",""39"":""30 to 39"",""49"":""40 to 49"",""59"":""50 to 59"",""69"":""60 to 69"",""79"":""70 or older""}"
dem_age_numeric,How old are you?,radio,"{""19"":""Less than 20"",""29"":""20 to 29"",""39"":""30 to 39"",""49"":""40 to 49"",""59"":""50 to 59"",""69"":""60 to 69"",""79"":""70 or older""}"
dgt_use_numeric_advertising,"Which of these, if any, does this business use digital tools for? (Select all that apply)",checkbox,"{""1"":""None of the above"",""2"":""Analyzing or researching to answer business questions"",""3"":""Coordinating or collaborating between employees"",""4"":""Selling goods and services"",""5"":""Advertising"",""6"":""Communicating directly with customers"",""7"":""Hiring""}"
dgt_use_numeric_analyzing_or_researching_to_answer_business_questions,"Which of these, if any, does this business use digital tools for? (Select all that apply)",checkbox,"{""1"":""None of the above"",""2"":""Analyzing or researching to answer business questions"",""3"":""Coordinating or collaborating between employees"",""4"":""Selling goods and services"",""5"":""Advertising"",""6"":""Communicating directly with customers"",""7"":""Hiring""}"
dgt_use_numeric_communicating_directly_with_customers,"Which of these, if any, does this business use digital tools for? (Select all that apply)",checkbox,"{""1"":""None of the above"",""2"":""Analyzing or researching to answer business questions"",""3"":""Coordinating or collaborating between employees"",""4"":""Selling goods and services"",""5"":""Advertising"",""6"":""Communicating directly with customers"",""7"":""Hiring""}"
dgt_use_numeric_coordinating_or_collaborating_between_employees,"Which of these, if any, does this business use digital tools for? (Select all that apply)",checkbox,"{""1"":""None of the above"",""2"":""Analyzing or researching to answer business questions"",""3"":""Coordinating or collaborating between employees"",""4"":""Selling goods and services"",""5"":""Advertising"",""6"":""Communicating directly with customers"",""7"":""Hiring""}"
dgt_use_numeric_hiring,"Which of these, if any, does this business use digital tools for? (Select all that apply)",checkbox,"{""1"":""None of the above"",""2"":""Analyzing or researching to answer business questions"",""3"":""Coordinating or collaborating between employees"",""4"":""Selling goods and services"",""5"":""Advertising"",""6"":""Communicating directly with customers"",""7"":""Hiring""}"
dgt_use_numeric_none_of_the_above,"Which of these, if any, does this business use digital tools for? (Select all that apply)",checkbox,"{""1"":""None of the above"",""2"":""Analyzing or researching to answer business questions"",""3"":""Coordinating or collaborating between employees"",""4"":""Selling goods and services"",""5"":""Advertising"",""6"":""Communicating directly with customers"",""7"":""Hiring""}"
dgt_use_numeric_selling_goods_and_services,"Which of these, if any, does this business use digital tools for? (Select all that apply)",checkbox,"{""1"":""None of the above"",""2"":""Analyzing or researching to answer business questions"",""3"":""Coordinating or collaborating between employees"",""4"":""Selling goods and services"",""5"":""Advertising"",""6"":""Communicating directly with customers"",""7"":""Hiring""}"
dgt_use_text_advertising,"Which of these, if any, does this business use digital tools for? (Select all that apply)",checkbox,"{""1"":""None of the above"",""2"":""Analyzing or researching to answer business questions"",""3"":""Coordinating or collaborating between employees"",""4"":""Selling goods and services"",""5"":""Advertising"",""6"":""Communicating directly with customers"",""7"":""Hiring""}"
dgt_use_text_analyzing_or_researching_to_answer_business_questions,"Which of these, if any, does this business use digital tools for? (Select all that apply)",checkbox,"{""1"":""None of the above"",""2"":""Analyzing or researching to answer business questions"",""3"":""Coordinating or collaborating between employees"",""4"":""Selling goods and services"",""5"":""Advertising"",""6"":""Communicating directly with customers"",""7"":""Hiring""}"
dgt_use_text_communicating_directly_with_customers,"Which of these, if any, does this business use digital tools for? (Select all that apply)",checkbox,"{""1"":""None of the above"",""2"":""Analyzing or researching to answer business questions"",""3"":""Coordinating or collaborating between employees"",""4"":""Selling goods and services"",""5"":""Advertising"",""6"":""Communicating directly with customers"",""7"":""Hiring""}"
dgt_use_text_coordinating_or_collaborating_between_employees,"Which of these, if any, does this business use digital tools for? (Select all that apply)",checkbox,"{""1"":""None of the above"",""2"":""Analyzing or researching to answer business questions"",""3"":""Coordinating or collaborating between employees"",""4"":""Selling goods and services"",""5"":""Advertising"",""6"":""Communicating directly with customers"",""7"":""Hiring""}"
dgt_use_text_hiring,"Which of these, if any, does this business use digital tools for? (Select all that apply)",checkbox,"{""1"":""None of the above"",""2"":""Analyzing or researching to answer business questions"",""3"":""Coordinating or collaborating between employees"",""4"":""Selling goods and services"",""5"":""Advertising"",""6"":""Communicating directly with customers"",""7"":""Hiring""}"
dgt_use_text_none_of_the_above,"Which of these, if any, does this business use digital tools for? (Select all that apply)",checkbox,"{""1"":""None of the above"",""2"":""Analyzing or researching to answer business questions"",""3"":""Coordinating or collaborating between employees"",""4"":""Selling goods and services"",""5"":""Advertising"",""6"":""Communicating directly with customers"",""7"":""Hiring""}"
dgt_use_text_selling_goods_and_services,"Which of these, if any, does this business use digital tools for? (Select all that apply)",checkbox,"{""1"":""None of the above"",""2"":""Analyzing or researching to answer business questions"",""3"":""Coordinating or collaborating between employees"",""4"":""Selling goods and services"",""5"":""Advertising"",""6"":""Communicating directly with customers"",""7"":""Hiring""}"
dig_perm_text,Do you think the COVID-19 crisis is going to change the use of digital technologies permanently for this business?,radio,"{""1"":""Yes"",""2"":""No"",""3"":""Don't know""}"
dig_perm_numeric,Do you think the COVID-19 crisis is going to change the use of digital technologies permanently for this business?,radio,"{""1"":""Yes"",""2"":""No"",""3"":""Don't know""}"
dig_use_numeric_access_to_digital_solutions_and_business_intelligence_services,How has this business been impacted by its use of digital platforms? (Select all that apply),checkbox,"{""1"":""Increase in sales"",""2"":""Lower operation costs or costs of sourcing goods and services"",""3"":""Increase in customer or supplier base"",""4"":""Access to digital solutions and business intelligence services"",""5"":""Increase in employment"",""6"":""Something not listed here"",""7"":""No impact""}"
dig_use_numeric_increase_in_customer_or_supplier_base,How has this business been impacted by its use of digital platforms? (Select all that apply),checkbox,"{""1"":""Increase in sales"",""2"":""Lower operation costs or costs of sourcing goods and services"",""3"":""Increase in customer or supplier base"",""4"":""Access to digital solutions and business intelligence services"",""5"":""Increase in employment"",""6"":""Something not listed here"",""7"":""No impact""}"
dig_use_numeric_increase_in_employment,How has this business been impacted by its use of digital platforms? (Select all that apply),checkbox,"{""1"":""Increase in sales"",""2"":""Lower operation costs or costs of sourcing goods and services"",""3"":""Increase in customer or supplier base"",""4"":""Access to digital solutions and business intelligence services"",""5"":""Increase in employment"",""6"":""Something not listed here"",""7"":""No impact""}"
dig_use_numeric_increase_in_sales,How has this business been impacted by its use of digital platforms? (Select all that apply),checkbox,"{""1"":""Increase in sales"",""2"":""Lower operation costs or costs of sourcing goods and services"",""3"":""Increase in customer or supplier base"",""4"":""Access to digital solutions and business intelligence services"",""5"":""Increase in employment"",""6"":""Something not listed here"",""7"":""No impact""}"
dig_use_numeric_lower_operation_costs_or_costs_of_sourcing_goods_and_services,How has this business been impacted by its use of digital platforms? (Select all that apply),checkbox,"{""1"":""Increase in sales"",""2"":""Lower operation costs or costs of sourcing goods and services"",""3"":""Increase in customer or supplier base"",""4"":""Access to digital solutions and business intelligence services"",""5"":""Increase in employment"",""6"":""Something not listed here"",""7"":""No impact""}"
dig_use_numeric_no_impact,How has this business been impacted by its use of digital platforms? (Select all that apply),checkbox,"{""1"":""Increase in sales"",""2"":""Lower operation costs or costs of sourcing goods and services"",""3"":""Increase in customer or supplier base"",""4"":""Access to digital solutions and business intelligence services"",""5"":""Increase in employment"",""6"":""Something not listed here"",""7"":""No impact""}"
dig_use_numeric_something_not_listed_here,How has this business been impacted by its use of digital platforms? (Select all that apply),checkbox,"{""1"":""Increase in sales"",""2"":""Lower operation costs or costs of sourcing goods and services"",""3"":""Increase in customer or supplier base"",""4"":""Access to digital solutions and business intelligence services"",""5"":""Increase in employment"",""6"":""Something not listed here"",""7"":""No impact""}"
dig_use_text_access_to_digital_solutions_and_business_intelligence_services,How has this business been impacted by its use of digital platforms? (Select all that apply),checkbox,"{""1"":""Increase in sales"",""2"":""Lower operation costs or costs of sourcing goods and services"",""3"":""Increase in customer or supplier base"",""4"":""Access to digital solutions and business intelligence services"",""5"":""Increase in employment"",""6"":""Something not listed here"",""7"":""No impact""}"
dig_use_text_increase_in_customer_or_supplier_base,How has this business been impacted by its use of digital platforms? (Select all that apply),checkbox,"{""1"":""Increase in sales"",""2"":""Lower operation costs or costs of sourcing goods and services"",""3"":""Increase in customer or supplier base"",""4"":""Access to digital solutions and business intelligence services"",""5"":""Increase in employment"",""6"":""Something not listed here"",""7"":""No impact""}"
dig_use_text_increase_in_employment,How has this business been impacted by its use of digital platforms? (Select all that apply),checkbox,"{""1"":""Increase in sales"",""2"":""Lower operation costs or costs of sourcing goods and services"",""3"":""Increase in customer or supplier base"",""4"":""Access to digital solutions and business intelligence services"",""5"":""Increase in employment"",""6"":""Something not listed here"",""7"":""No impact""}"
dig_use_text_increase_in_sales,How has this business been impacted by its use of digital platforms? (Select all that apply),checkbox,"{""1"":""Increase in sales"",""2"":""Lower operation costs or costs of sourcing goods and services"",""3"":""Increase in customer or supplier base"",""4"":""Access to digital solutions and business intelligence services"",""5"":""Increase in employment"",""6"":""Something not listed here"",""7"":""No impact""}"
dig_use_text_lower_operation_costs_or_costs_of_sourcing_goods_and_services,How has this business been impacted by its use of digital platforms? (Select all that apply),checkbox,"{""1"":""Increase in sales"",""2"":""Lower operation costs or costs of sourcing goods and services"",""3"":""Increase in customer or supplier base"",""4"":""Access to digital solutions and business intelligence services"",""5"":""Increase in employment"",""6"":""Something not listed here"",""7"":""No impact""}"
dig_use_text_no_impact,How has this business been impacted by its use of digital platforms? (Select all that apply),checkbox,"{""1"":""Increase in sales"",""2"":""Lower operation costs or costs of sourcing goods and services"",""3"":""Increase in customer or supplier base"",""4"":""Access to digital solutions and business intelligence services"",""5"":""Increase in employment"",""6"":""Something not listed here"",""7"":""No impact""}"
dig_use_text_something_not_listed_here,How has this business been impacted by its use of digital platforms? (Select all that apply),checkbox,"{""1"":""Increase in sales"",""2"":""Lower operation costs or costs of sourcing goods and services"",""3"":""Increase in customer or supplier base"",""4"":""Access to digital solutions and business intelligence services"",""5"":""Increase in employment"",""6"":""Something not listed here"",""7"":""No impact""}"
emp_rhr_text,Does this business plan over the next six months to re-hire workers who had previously been furloughed or laid-off as a result of the coronavirus (COVID-19)?,radio,"{""1"":""No"",""2"":""Yes"",""3"":""Don't know or prefer not to say""}"
emp_rhr_numeric,Does this business plan over the next six months to re-hire workers who had previously been furloughed or laid-off as a result of the coronavirus (COVID-19)?,radio,"{""1"":""No"",""2"":""Yes"",""3"":""Don't know or prefer not to say""}"
frl_rhr_text,Had any of these workers been re-hired from a previous furlough or layoff that resulted from the coronavirus (COVID-19)?,radio,"{""1"":""No"",""2"":""Yes"",""3"":""Don't know or prefer not to say""}"
frl_rhr_numeric,Had any of these workers been re-hired from a previous furlough or layoff that resulted from the coronavirus (COVID-19)?,radio,"{""1"":""No"",""2"":""Yes"",""3"":""Don't know or prefer not to say""}"
hol_emp_text,Does this business plan to hire any temporary holiday workers over the next 6 months leading up to the winter holidays?,radio,"{""1"":""Yes"",""2"":""No"",""3"":""Prefer not to say""}"
hol_emp_numeric,Does this business plan to hire any temporary holiday workers over the next 6 months leading up to the winter holidays?,radio,"{""1"":""Yes"",""2"":""No"",""3"":""Prefer not to say""}"
hol_price_text,How have prices charged by this business changed since the end of last winter's holiday season?,radio,"{""1"":""Decreased a lot"",""2"":""Decreased a little"",""3"":""No Change"",""4"":""Increased a little"",""5"":""Increased a lot""}"
hol_price_numeric,How have prices charged by this business changed since the end of last winter's holiday season?,radio,"{""1"":""Decreased a lot"",""2"":""Decreased a little"",""3"":""No Change"",""4"":""Increased a little"",""5"":""Increased a lot""}"
hol_rev_text,"How much of this business's annual revenue do you expect to be made between October 1st and December 31st, 2021?",radio,"{""1"":""None"",""2"":""Between 0 and 25%"",""3"":""Between 25 and 50%"",""4"":""Between 50 and 75%"",""5"":""Between 75 and 100%"",""6"":""All""}"
hol_rev_numeric,"How much of this business's annual revenue do you expect to be made between October 1st and December 31st, 2021?",radio,"{""1"":""None"",""2"":""Between 0 and 25%"",""3"":""Between 25 and 50%"",""4"":""Between 50 and 75%"",""5"":""Between 75 and 100%"",""6"":""All""}"
ind_hcr_text,In which economic sub-sector does this business operate?,radio,"{""1"":""Other (please specify)"",""2"":""Food and beverage services"",""3"":""Accommodation""}"
ind_hcr_numeric,In which economic sub-sector does this business operate?,radio,"{""1"":""Other (please specify)"",""2"":""Food and beverage services"",""3"":""Accommodation""}"
ind_icm_text,In which economic sub-sector does this business operate?,radio,"{""1"":""Other (please specify)"",""2"":""Information services"",""3"":""Computer programming or consultancy"",""4"":""Telecommuncations"",""5"":""Broadcasting"",""6"":""Motion picture and TV production, sound recording, music publishing"",""7"":""Publishing""}"
ind_icm_numeric,In which economic sub-sector does this business operate?,radio,"{""1"":""Other (please specify)"",""2"":""Information services"",""3"":""Computer programming or consultancy"",""4"":""Telecommuncations"",""5"":""Broadcasting"",""6"":""Motion picture and TV production, sound recording, music publishing"",""7"":""Publishing""}"
ind_mfg_2_text,In which economic sub-sector does this business operate?,radio,"{""10"":""Textiles and apparel"",""11"":""Food, beverages, and tobacco"",""2"":""Other (please specify)"",""3"":""Water supply and waste management"",""4"":""Energy production"",""5"":""Manufacturing of transportation equipment"",""6"":""Metal products"",""7"":""Rubber, plastics, and other non-metallic mineral products"",""8"":""Chemicals and pharmaceuticals"",""9"":""Paper industry, printing, and reproduction of recorded media""}"
ind_mfg_2_numeric,In which economic sub-sector does this business operate?,radio,"{""10"":""Textiles and apparel"",""11"":""Food, beverages, and tobacco"",""2"":""Other (please specify)"",""3"":""Water supply and waste management"",""4"":""Energy production"",""5"":""Manufacturing of transportation equipment"",""6"":""Metal products"",""7"":""Rubber, plastics, and other non-metallic mineral products"",""8"":""Chemicals and pharmaceuticals"",""9"":""Paper industry, printing, and reproduction of recorded media""}"
ind_oth_text,In which economic sub-sector does this business operate?,radio,"{""1"":""Other (please specify)"",""2"":""Personal services (e.g. repair of household goods, washing of textiles, hairdressing)"",""3"":""Arts, entertainment, and recreation"",""4"":""Human health and social work activities"",""5"":""Education"",""6"":""Administrative and support services (e.g. rental and leasing, travel agencies, human resources, security)"",""7"":""Professional, scientific, and technical services"",""8"":""Real estate activities"",""9"":""Financial and insurance activities""}"
ind_oth_numeric,In which economic sub-sector does this business operate?,radio,"{""1"":""Other (please specify)"",""2"":""Personal services (e.g. repair of household goods, washing of textiles, hairdressing)"",""3"":""Arts, entertainment, and recreation"",""4"":""Human health and social work activities"",""5"":""Education"",""6"":""Administrative and support services (e.g. rental and leasing, travel agencies, human resources, security)"",""7"":""Professional, scientific, and technical services"",""8"":""Real estate activities"",""9"":""Financial and insurance activities""}"
ind_top_text,In which economic sector does this business operate?,radio,"{""1"":""Other services"",""2"":""Information and communication"",""3"":""Hotels, cafes and restaurants"",""4"":""Transportation and storage"",""5"":""Wholesale and retail trade"",""6"":""Construction"",""7"":""Manufacturing, energy, water supply and waste management"",""8"":""Agriculture, forestry, fishing and mining""}"
ind_top_numeric,In which economic sector does this business operate?,radio,"{""1"":""Other services"",""2"":""Information and communication"",""3"":""Hotels, cafes and restaurants"",""4"":""Transportation and storage"",""5"":""Wholesale and retail trade"",""6"":""Construction"",""7"":""Manufacturing, energy, water supply and waste management"",""8"":""Agriculture, forestry, fishing and mining""}"
ind_trd_text,In which economic sub-sector does this business operate?,radio,"{""1"":""Other (please specify)"",""2"":""Retail trade"",""3"":""Wholesale trade""}"
ind_trd_numeric,In which economic sub-sector does this business operate?,radio,"{""1"":""Other (please specify)"",""2"":""Retail trade"",""3"":""Wholesale trade""}"
ind_trn_text,In which economic sub-sector does this business operate?,radio,"{""1"":""Other (please specify)"",""2"":""Warehousing and support activities for transportation"",""3"":""Air transportation"",""4"":""Water transportation"",""5"":""Land transportation""}"
ind_trn_numeric,In which economic sub-sector does this business operate?,radio,"{""1"":""Other (please specify)"",""2"":""Warehousing and support activities for transportation"",""3"":""Air transportation"",""4"":""Water transportation"",""5"":""Land transportation""}"
phys_chl_numeric_a_lack_of_employees_willing_to_work_in_person,Do you expect any of the following issues over the next 6 months in regards to your business' physical locations? (Select all that apply),checkbox,"{""1"":""A lack of in-person customers returning to your business"",""2"":""A lack of employees willing to work in-person"",""3"":""Inability to pay a high-enough compensation to attract and hire workers"",""4"":""Confusion on what the health and safety guidelines are for your employees and customers, including for COVID-19"",""5"":""Concerns on the ability to comply with health and safety guidelines, including COVID-19 guidelines"",""6"":""A lack of vaccinated workers"",""7"":""No challenges""}"
phys_chl_numeric_a_lack_of_in_person_customers_returning_to_your_business,Do you expect any of the following issues over the next 6 months in regards to your business' physical locations? (Select all that apply),checkbox,"{""1"":""A lack of in-person customers returning to your business"",""2"":""A lack of employees willing to work in-person"",""3"":""Inability to pay a high-enough compensation to attract and hire workers"",""4"":""Confusion on what the health and safety guidelines are for your employees and customers, including for COVID-19"",""5"":""Concerns on the ability to comply with health and safety guidelines, including COVID-19 guidelines"",""6"":""A lack of vaccinated workers"",""7"":""No challenges""}"
phys_chl_numeric_a_lack_of_vaccinated_workers,Do you expect any of the following issues over the next 6 months in regards to your business' physical locations? (Select all that apply),checkbox,"{""1"":""A lack of in-person customers returning to your business"",""2"":""A lack of employees willing to work in-person"",""3"":""Inability to pay a high-enough compensation to attract and hire workers"",""4"":""Confusion on what the health and safety guidelines are for your employees and customers, including for COVID-19"",""5"":""Concerns on the ability to comply with health and safety guidelines, including COVID-19 guidelines"",""6"":""A lack of vaccinated workers"",""7"":""No challenges""}"
phys_chl_text_confusion_on_what_the_health_and_safety_guidelines_are_for_your_employees_and_customers_including_for_covid_19,Do you expect any of the following issues over the next 6 months in regards to your business' physical locations? (Select all that apply),checkbox,"{""1"":""A lack of in-person customers returning to your business"",""2"":""A lack of employees willing to work in-person"",""3"":""Inability to pay a high-enough compensation to attract and hire workers"",""4"":""Confusion on what the health and safety guidelines are for your employees and customers, including for COVID-19"",""5"":""Concerns on the ability to comply with health and safety guidelines, including COVID-19 guidelines"",""6"":""A lack of vaccinated workers"",""7"":""No challenges""}"
phys_chl_numeric_confusion_on_what_the_health_and_safety_guidelines_are_for_your_employees_and_customers_including_for_covid_19,Do you expect any of the following issues over the next 6 months in regards to your business' physical locations? (Select all that apply),checkbox,"{""1"":""A lack of in-person customers returning to your business"",""2"":""A lack of employees willing to work in-person"",""3"":""Inability to pay a high-enough compensation to attract and hire workers"",""4"":""Confusion on what the health and safety guidelines are for your employees and customers, including for COVID-19"",""5"":""Concerns on the ability to comply with health and safety guidelines, including COVID-19 guidelines"",""6"":""A lack of vaccinated workers"",""7"":""No challenges""}"
phys_chl_text_concerns_on_the_ability_to_comply_with_health_and_safety_guidelines_including_covid_19_guidelines,Do you expect any of the following issues over the next 6 months in regards to your business' physical locations? (Select all that apply),checkbox,"{""1"":""A lack of in-person customers returning to your business"",""2"":""A lack of employees willing to work in-person"",""3"":""Inability to pay a high-enough compensation to attract and hire workers"",""4"":""Confusion on what the health and safety guidelines are for your employees and customers, including for COVID-19"",""5"":""Concerns on the ability to comply with health and safety guidelines, including COVID-19 guidelines"",""6"":""A lack of vaccinated workers"",""7"":""No challenges""}"
phys_chl_numeric_concerns_on_the_ability_to_comply_with_health_and_safety_guidelines_including_covid_19_guidelines,Do you expect any of the following issues over the next 6 months in regards to your business' physical locations? (Select all that apply),checkbox,"{""1"":""A lack of in-person customers returning to your business"",""2"":""A lack of employees willing to work in-person"",""3"":""Inability to pay a high-enough compensation to attract and hire workers"",""4"":""Confusion on what the health and safety guidelines are for your employees and customers, including for COVID-19"",""5"":""Concerns on the ability to comply with health and safety guidelines, including COVID-19 guidelines"",""6"":""A lack of vaccinated workers"",""7"":""No challenges""}"
phys_chl_numeric_inability_to_pay_a_high_enough_compensation_to_attract_and_hire_workers,Do you expect any of the following issues over the next 6 months in regards to your business' physical locations? (Select all that apply),checkbox,"{""1"":""A lack of in-person customers returning to your business"",""2"":""A lack of employees willing to work in-person"",""3"":""Inability to pay a high-enough compensation to attract and hire workers"",""4"":""Confusion on what the health and safety guidelines are for your employees and customers, including for COVID-19"",""5"":""Concerns on the ability to comply with health and safety guidelines, including COVID-19 guidelines"",""6"":""A lack of vaccinated workers"",""7"":""No challenges""}"
phys_chl_numeric_no_challenges,Do you expect any of the following issues over the next 6 months in regards to your business' physical locations? (Select all that apply),checkbox,"{""1"":""A lack of in-person customers returning to your business"",""2"":""A lack of employees willing to work in-person"",""3"":""Inability to pay a high-enough compensation to attract and hire workers"",""4"":""Confusion on what the health and safety guidelines are for your employees and customers, including for COVID-19"",""5"":""Concerns on the ability to comply with health and safety guidelines, including COVID-19 guidelines"",""6"":""A lack of vaccinated workers"",""7"":""No challenges""}"
phys_chl_text_a_lack_of_employees_willing_to_work_in_person,Do you expect any of the following issues over the next 6 months in regards to your business' physical locations? (Select all that apply),checkbox,"{""1"":""A lack of in-person customers returning to your business"",""2"":""A lack of employees willing to work in-person"",""3"":""Inability to pay a high-enough compensation to attract and hire workers"",""4"":""Confusion on what the health and safety guidelines are for your employees and customers, including for COVID-19"",""5"":""Concerns on the ability to comply with health and safety guidelines, including COVID-19 guidelines"",""6"":""A lack of vaccinated workers"",""7"":""No challenges""}"
phys_chl_text_a_lack_of_in_person_customers_returning_to_your_business,Do you expect any of the following issues over the next 6 months in regards to your business' physical locations? (Select all that apply),checkbox,"{""1"":""A lack of in-person customers returning to your business"",""2"":""A lack of employees willing to work in-person"",""3"":""Inability to pay a high-enough compensation to attract and hire workers"",""4"":""Confusion on what the health and safety guidelines are for your employees and customers, including for COVID-19"",""5"":""Concerns on the ability to comply with health and safety guidelines, including COVID-19 guidelines"",""6"":""A lack of vaccinated workers"",""7"":""No challenges""}"
phys_chl_text_a_lack_of_vaccinated_workers,Do you expect any of the following issues over the next 6 months in regards to your business' physical locations? (Select all that apply),checkbox,"{""1"":""A lack of in-person customers returning to your business"",""2"":""A lack of employees willing to work in-person"",""3"":""Inability to pay a high-enough compensation to attract and hire workers"",""4"":""Confusion on what the health and safety guidelines are for your employees and customers, including for COVID-19"",""5"":""Concerns on the ability to comply with health and safety guidelines, including COVID-19 guidelines"",""6"":""A lack of vaccinated workers"",""7"":""No challenges""}"
phys_chl_text_inability_to_pay_a_high_enough_compensation_to_attract_and_hire_workers,Do you expect any of the following issues over the next 6 months in regards to your business' physical locations? (Select all that apply),checkbox,"{""1"":""A lack of in-person customers returning to your business"",""2"":""A lack of employees willing to work in-person"",""3"":""Inability to pay a high-enough compensation to attract and hire workers"",""4"":""Confusion on what the health and safety guidelines are for your employees and customers, including for COVID-19"",""5"":""Concerns on the ability to comply with health and safety guidelines, including COVID-19 guidelines"",""6"":""A lack of vaccinated workers"",""7"":""No challenges""}"
phys_chl_text_no_challenges,Do you expect any of the following issues over the next 6 months in regards to your business' physical locations? (Select all that apply),checkbox,"{""1"":""A lack of in-person customers returning to your business"",""2"":""A lack of employees willing to work in-person"",""3"":""Inability to pay a high-enough compensation to attract and hire workers"",""4"":""Confusion on what the health and safety guidelines are for your employees and customers, including for COVID-19"",""5"":""Concerns on the ability to comply with health and safety guidelines, including COVID-19 guidelines"",""6"":""A lack of vaccinated workers"",""7"":""No challenges""}"
phys_plans_text,How do you intend to eventually run your business operations once the COVID-19 crisis ends?,radio,"{""1"":""Use only in-person business operations"",""2"":""Use mostly in-person business operations"",""3"":""Use both in-person and digital business operations roughly equally"",""4"":""Use mostly digital business operations"",""5"":""Use only digital business operations""}"
phys_plans_numeric,How do you intend to eventually run your business operations once the COVID-19 crisis ends?,radio,"{""1"":""Use only in-person business operations"",""2"":""Use mostly in-person business operations"",""3"":""Use both in-person and digital business operations roughly equally"",""4"":""Use mostly digital business operations"",""5"":""Use only digital business operations""}"
sex_text,What is your gender?,radio,"{""2"":""Female"",""3"":""Male""}"
sex_numeric,What is your gender?,radio,"{""2"":""Female"",""3"":""Male""}"
state_us,NA,NA,NA
wash_acc_text,How important is access to reliable and clean water for your business?,radio,"{""1"":""Very important"",""2"":""Important"",""3"":""A little important"",""4"":""Not important at all""}"
wash_acc_numeric,How important is access to reliable and clean water for your business?,radio,"{""1"":""Very important"",""2"":""Important"",""3"":""A little important"",""4"":""Not important at all""}"
wash_gov_numeric_banking_institutions,Which of the following is the most important area for the government to invest in to help your business succeed?,checkbox,"{""1"":""Water services"",""2"":""Roads"",""3"":""Cell phone coverage"",""4"":""Electricity coverage"",""5"":""Internet"",""6"":""Banking institutions"",""7"":""None of the above""}"
wash_gov_numeric_cell_phone_coverage,Which of the following is the most important area for the government to invest in to help your business succeed?,checkbox,"{""1"":""Water services"",""2"":""Roads"",""3"":""Cell phone coverage"",""4"":""Electricity coverage"",""5"":""Internet"",""6"":""Banking institutions"",""7"":""None of the above""}"
wash_gov_numeric_electricity_coverage,Which of the following is the most important area for the government to invest in to help your business succeed?,checkbox,"{""1"":""Water services"",""2"":""Roads"",""3"":""Cell phone coverage"",""4"":""Electricity coverage"",""5"":""Internet"",""6"":""Banking institutions"",""7"":""None of the above""}"
wash_gov_numeric_internet,Which of the following is the most important area for the government to invest in to help your business succeed?,checkbox,"{""1"":""Water services"",""2"":""Roads"",""3"":""Cell phone coverage"",""4"":""Electricity coverage"",""5"":""Internet"",""6"":""Banking institutions"",""7"":""None of the above""}"
wash_gov_numeric_none_of_the_above,Which of the following is the most important area for the government to invest in to help your business succeed?,checkbox,"{""1"":""Water services"",""2"":""Roads"",""3"":""Cell phone coverage"",""4"":""Electricity coverage"",""5"":""Internet"",""6"":""Banking institutions"",""7"":""None of the above""}"
wash_gov_numeric_roads,Which of the following is the most important area for the government to invest in to help your business succeed?,checkbox,"{""1"":""Water services"",""2"":""Roads"",""3"":""Cell phone coverage"",""4"":""Electricity coverage"",""5"":""Internet"",""6"":""Banking institutions"",""7"":""None of the above""}"
wash_gov_numeric_water_services,Which of the following is the most important area for the government to invest in to help your business succeed?,checkbox,"{""1"":""Water services"",""2"":""Roads"",""3"":""Cell phone coverage"",""4"":""Electricity coverage"",""5"":""Internet"",""6"":""Banking institutions"",""7"":""None of the above""}"
wash_gov_text_banking_institutions,Which of the following is the most important area for the government to invest in to help your business succeed?,checkbox,"{""1"":""Water services"",""2"":""Roads"",""3"":""Cell phone coverage"",""4"":""Electricity coverage"",""5"":""Internet"",""6"":""Banking institutions"",""7"":""None of the above""}"
wash_gov_text_cell_phone_coverage,Which of the following is the most important area for the government to invest in to help your business succeed?,checkbox,"{""1"":""Water services"",""2"":""Roads"",""3"":""Cell phone coverage"",""4"":""Electricity coverage"",""5"":""Internet"",""6"":""Banking institutions"",""7"":""None of the above""}"
wash_gov_text_electricity_coverage,Which of the following is the most important area for the government to invest in to help your business succeed?,checkbox,"{""1"":""Water services"",""2"":""Roads"",""3"":""Cell phone coverage"",""4"":""Electricity coverage"",""5"":""Internet"",""6"":""Banking institutions"",""7"":""None of the above""}"
wash_gov_text_internet,Which of the following is the most important area for the government to invest in to help your business succeed?,checkbox,"{""1"":""Water services"",""2"":""Roads"",""3"":""Cell phone coverage"",""4"":""Electricity coverage"",""5"":""Internet"",""6"":""Banking institutions"",""7"":""None of the above""}"
wash_gov_text_none_of_the_above,Which of the following is the most important area for the government to invest in to help your business succeed?,checkbox,"{""1"":""Water services"",""2"":""Roads"",""3"":""Cell phone coverage"",""4"":""Electricity coverage"",""5"":""Internet"",""6"":""Banking institutions"",""7"":""None of the above""}"
wash_gov_text_roads,Which of the following is the most important area for the government to invest in to help your business succeed?,checkbox,"{""1"":""Water services"",""2"":""Roads"",""3"":""Cell phone coverage"",""4"":""Electricity coverage"",""5"":""Internet"",""6"":""Banking institutions"",""7"":""None of the above""}"
wash_gov_text_water_services,Which of the following is the most important area for the government to invest in to help your business succeed?,checkbox,"{""1"":""Water services"",""2"":""Roads"",""3"":""Cell phone coverage"",""4"":""Electricity coverage"",""5"":""Internet"",""6"":""Banking institutions"",""7"":""None of the above""}"
wash_imp_numeric_avaliability_of_water,Which of the following related to water would be most important to improve over the next year? ,checkbox,"{""1"":""Cost of water"",""2"":""Cleanliness of water"",""3"":""Avaliability of water"",""4"":""Reliability of water"",""5"":""None of the above""}"
wash_imp_numeric_cleanliness_of_water,Which of the following related to water would be most important to improve over the next year? ,checkbox,"{""1"":""Cost of water"",""2"":""Cleanliness of water"",""3"":""Avaliability of water"",""4"":""Reliability of water"",""5"":""None of the above""}"
wash_imp_numeric_cost_of_water,Which of the following related to water would be most important to improve over the next year? ,checkbox,"{""1"":""Cost of water"",""2"":""Cleanliness of water"",""3"":""Avaliability of water"",""4"":""Reliability of water"",""5"":""None of the above""}"
wash_imp_numeric_none_of_the_above,Which of the following related to water would be most important to improve over the next year? ,checkbox,"{""1"":""Cost of water"",""2"":""Cleanliness of water"",""3"":""Avaliability of water"",""4"":""Reliability of water"",""5"":""None of the above""}"
wash_imp_numeric_reliability_of_water,Which of the following related to water would be most important to improve over the next year? ,checkbox,"{""1"":""Cost of water"",""2"":""Cleanliness of water"",""3"":""Avaliability of water"",""4"":""Reliability of water"",""5"":""None of the above""}"
wash_imp_text_avaliability_of_water,Which of the following related to water would be most important to improve over the next year? ,checkbox,"{""1"":""Cost of water"",""2"":""Cleanliness of water"",""3"":""Avaliability of water"",""4"":""Reliability of water"",""5"":""None of the above""}"
wash_imp_text_cleanliness_of_water,Which of the following related to water would be most important to improve over the next year? ,checkbox,"{""1"":""Cost of water"",""2"":""Cleanliness of water"",""3"":""Avaliability of water"",""4"":""Reliability of water"",""5"":""None of the above""}"
wash_imp_text_cost_of_water,Which of the following related to water would be most important to improve over the next year? ,checkbox,"{""1"":""Cost of water"",""2"":""Cleanliness of water"",""3"":""Avaliability of water"",""4"":""Reliability of water"",""5"":""None of the above""}"
wash_imp_text_none_of_the_above,Which of the following related to water would be most important to improve over the next year? ,checkbox,"{""1"":""Cost of water"",""2"":""Cleanliness of water"",""3"":""Avaliability of water"",""4"":""Reliability of water"",""5"":""None of the above""}"
wash_imp_text_reliability_of_water,Which of the following related to water would be most important to improve over the next year? ,checkbox,"{""1"":""Cost of water"",""2"":""Cleanliness of water"",""3"":""Avaliability of water"",""4"":""Reliability of water"",""5"":""None of the above""}"
wash_int_text,Has your business’s access to water been interrupted for more than a day in the last year?,radio,"{""1"":""Yes"",""2"":""No"",""3"":""Not applicable""}"
wash_int_numeric,Has your business’s access to water been interrupted for more than a day in the last year?,radio,"{""1"":""Yes"",""2"":""No"",""3"":""Not applicable""}"
wash_iss_numeric_a_lot_of_time_spent_getting_water,"Which, if any, of the following has your business experienced? (Select all that apply)",checkbox,"{""1"":""High cost of water"",""2"":""Unclean water"",""3"":""Unreliable water"",""4"":""Difficulty accessing location of water"",""5"":""A lot of time spent getting water"",""6"":""Conflict over water access"",""7"":""None of the above""}"
wash_iss_numeric_conflict_over_water_access,"Which, if any, of the following has your business experienced? (Select all that apply)",checkbox,"{""1"":""High cost of water"",""2"":""Unclean water"",""3"":""Unreliable water"",""4"":""Difficulty accessing location of water"",""5"":""A lot of time spent getting water"",""6"":""Conflict over water access"",""7"":""None of the above""}"
wash_iss_numeric_difficulty_accessing_location_of_water,"Which, if any, of the following has your business experienced? (Select all that apply)",checkbox,"{""1"":""High cost of water"",""2"":""Unclean water"",""3"":""Unreliable water"",""4"":""Difficulty accessing location of water"",""5"":""A lot of time spent getting water"",""6"":""Conflict over water access"",""7"":""None of the above""}"
wash_iss_numeric_high_cost_of_water,"Which, if any, of the following has your business experienced? (Select all that apply)",checkbox,"{""1"":""High cost of water"",""2"":""Unclean water"",""3"":""Unreliable water"",""4"":""Difficulty accessing location of water"",""5"":""A lot of time spent getting water"",""6"":""Conflict over water access"",""7"":""None of the above""}"
wash_iss_numeric_none_of_the_above,"Which, if any, of the following has your business experienced? (Select all that apply)",checkbox,"{""1"":""High cost of water"",""2"":""Unclean water"",""3"":""Unreliable water"",""4"":""Difficulty accessing location of water"",""5"":""A lot of time spent getting water"",""6"":""Conflict over water access"",""7"":""None of the above""}"
wash_iss_numeric_unclean_water,"Which, if any, of the following has your business experienced? (Select all that apply)",checkbox,"{""1"":""High cost of water"",""2"":""Unclean water"",""3"":""Unreliable water"",""4"":""Difficulty accessing location of water"",""5"":""A lot of time spent getting water"",""6"":""Conflict over water access"",""7"":""None of the above""}"
wash_iss_numeric_unreliable_water,"Which, if any, of the following has your business experienced? (Select all that apply)",checkbox,"{""1"":""High cost of water"",""2"":""Unclean water"",""3"":""Unreliable water"",""4"":""Difficulty accessing location of water"",""5"":""A lot of time spent getting water"",""6"":""Conflict over water access"",""7"":""None of the above""}"
wash_iss_text_a_lot_of_time_spent_getting_water,"Which, if any, of the following has your business experienced? (Select all that apply)",checkbox,"{""1"":""High cost of water"",""2"":""Unclean water"",""3"":""Unreliable water"",""4"":""Difficulty accessing location of water"",""5"":""A lot of time spent getting water"",""6"":""Conflict over water access"",""7"":""None of the above""}"
wash_iss_text_conflict_over_water_access,"Which, if any, of the following has your business experienced? (Select all that apply)",checkbox,"{""1"":""High cost of water"",""2"":""Unclean water"",""3"":""Unreliable water"",""4"":""Difficulty accessing location of water"",""5"":""A lot of time spent getting water"",""6"":""Conflict over water access"",""7"":""None of the above""}"
wash_iss_text_difficulty_accessing_location_of_water,"Which, if any, of the following has your business experienced? (Select all that apply)",checkbox,"{""1"":""High cost of water"",""2"":""Unclean water"",""3"":""Unreliable water"",""4"":""Difficulty accessing location of water"",""5"":""A lot of time spent getting water"",""6"":""Conflict over water access"",""7"":""None of the above""}"
wash_iss_text_high_cost_of_water,"Which, if any, of the following has your business experienced? (Select all that apply)",checkbox,"{""1"":""High cost of water"",""2"":""Unclean water"",""3"":""Unreliable water"",""4"":""Difficulty accessing location of water"",""5"":""A lot of time spent getting water"",""6"":""Conflict over water access"",""7"":""None of the above""}"
wash_iss_text_none_of_the_above,"Which, if any, of the following has your business experienced? (Select all that apply)",checkbox,"{""1"":""High cost of water"",""2"":""Unclean water"",""3"":""Unreliable water"",""4"":""Difficulty accessing location of water"",""5"":""A lot of time spent getting water"",""6"":""Conflict over water access"",""7"":""None of the above""}"
wash_iss_text_unclean_water,"Which, if any, of the following has your business experienced? (Select all that apply)",checkbox,"{""1"":""High cost of water"",""2"":""Unclean water"",""3"":""Unreliable water"",""4"":""Difficulty accessing location of water"",""5"":""A lot of time spent getting water"",""6"":""Conflict over water access"",""7"":""None of the above""}"
wash_iss_text_unreliable_water,"Which, if any, of the following has your business experienced? (Select all that apply)",checkbox,"{""1"":""High cost of water"",""2"":""Unclean water"",""3"":""Unreliable water"",""4"":""Difficulty accessing location of water"",""5"":""A lot of time spent getting water"",""6"":""Conflict over water access"",""7"":""None of the above""}"
weight_trim_balance,NA,NA,NA